"","V1","V2","V3","V4","V5","V6","V7","V8","V9","V10"
"1996-02-29",0.233101306832665,0.697005755546432,0.460676208217365,0.221128414108089,0.162302176519443,0.125393626038282,0.861734304136892,0.877506943492716,0.699372994247183,0.51603904157663
"1996-03-29",0.239899910248595,0.690443499111155,0.461729871298783,0.200328999722229,0.169427479669715,0.137514629617203,0.859781682382185,0.863080621077913,0.707224293245483,0.559136651411669
"1996-04-30",0.227439331637145,0.69165184570687,0.4895382484328,0.216553910862006,0.195812556785322,0.114850036402897,0.860247709021094,0.861545210478423,0.731840361078634,0.52489021100552
"1996-05-31",0.254012560763845,0.694809061889959,0.530372129794617,0.197981841870412,0.201684431511122,0.0764853634765381,0.872009857723503,0.808325374301281,0.746410542316875,0.577179759857323
"1996-06-28",0.270459345032159,0.680525475090887,0.531331912130931,0.188733453432589,0.20709258805978,0.0659668760176497,0.899117054742067,0.779272219001322,0.741271212917072,0.613168345860085
"1996-07-31",0.242585696133152,0.69367970061421,0.466371637756441,0.184801805444748,0.216285380278366,0.0959444607582184,0.924069951974297,0.80236167946349,0.737693912093088,0.617983465934434
"1996-08-30",0.205969731112542,0.686302552287369,0.435259126926231,0.185945547216359,0.211336435680263,0.0839717885046761,0.920865448283902,0.80013550900778,0.716293157545117,0.642609992633221
"1996-09-30",0.214042893717455,0.668470339829043,0.451911516473382,0.187772146508376,0.201118875945269,0.0660510234355002,0.928250034039132,0.804749776576635,0.705920840199532,0.753548109771281
"1996-10-31",0.265692324714627,0.668559004745347,0.454207646631407,0.190069198307802,0.208346296060204,0.0721026432143394,0.942639049914176,0.833707862194281,0.713162310365878,0.73307711939997
"1996-11-29",0.293607330400103,0.639977295338801,0.440896339069162,0.154197909593948,0.230745672309596,0.073896883465716,0.940293637080414,0.844932077386402,0.654095911850849,0.75026792748978
"1996-12-31",0.258470704656896,0.628218326017957,0.510433810123126,0.174520057667194,0.230006057224022,0.0848827177639478,0.937668863034535,0.847502824002967,0.624406045888054,0.77233499777396
"1997-01-31",0.266523137657698,0.63642076945756,0.510876497280464,0.107092474048291,0.198909204699702,0.0953407939651235,0.933678388228541,0.815581601922255,0.627041896108087,0.763919492650013
"1997-02-28",0.28140734790523,0.632111914567097,0.510195442669092,0.102130266880346,0.213040002193333,0.0832976918760813,0.939070549610992,0.831652456079262,0.61391546097219,0.742347807825939
"1997-03-31",0.269749685402807,0.608005790940998,0.528052969159821,0.0865601789263186,0.197619311736079,0.0688561340087337,0.952955936457327,0.857476495274186,0.602760018484951,0.764546578714561
"1997-04-30",0.319127470238196,0.654358938313177,0.485043882904537,0.0799096395014691,0.190980310688596,0.0584025732456056,0.947328332983322,0.855117282483714,0.646347554514271,0.760738454091563
"1997-05-30",0.2998189387775,0.641933836822329,0.48887470323738,0.0783635621400473,0.18846848417978,0.0777484216070096,0.942148910495501,0.838920808658001,0.624496568385505,0.741201548810983
"1997-06-30",0.318690102844273,0.644992677816324,0.516293886325079,0.0784095288913551,0.197515769516742,0.252809308917105,0.95412878933678,0.848942962050421,0.635345949101722,0.610393253368256
"1997-07-31",0.331562983513174,0.601304299732525,0.484933172425347,0.0760863254194789,0.199019554042417,0.256327420723133,0.939256632533739,0.82557599237952,0.665603424859493,0.587185093248058
"1997-08-29",0.377865387910129,0.598879246452145,0.561746770312572,0.118098409787907,0.209085527839559,0.263284817951882,0.933912563177793,0.845916708362377,0.672488254093948,0.58367817197862
"1997-09-30",0.290538807633557,0.585371385834147,0.613192585444758,0.114786167805939,0.191712000849575,0.360724578983331,0.9307111191791,0.832161725158942,0.67031688281563,0.559248830974507
"1997-10-31",0.242677784813334,0.572959082990506,0.674630652436946,0.130314421625037,0.178203312194196,0.334779621119343,0.916672853386682,0.831479714080323,0.670820886731922,0.540820446235096
"1997-11-28",0.193274228757709,0.574805417235875,0.657941034268594,0.133146460663368,0.212988742498306,0.403304921869823,0.911886119349417,0.822973090381558,0.684743773338694,0.543187639282406
"1997-12-31",0.209128092432229,0.559300917720304,0.5321847010264,0.119585321567859,0.165063839396348,0.625086709035211,0.898509613210973,0.79652441690935,0.679764708000889,0.527649655963294
"1998-01-30",0.21557691499217,0.538879210710892,0.499477099221221,0.301185834652691,0.160510854814226,0.59791389165534,0.883656307381149,0.803725862369403,0.674943949805888,0.533436903442126
"1998-02-27",0.212235227566537,0.536378617809836,0.540517106904464,0.28491192016089,0.158518903434546,0.515732245804857,0.86992799008851,0.799034240381926,0.677544458784784,0.514864028873956
"1998-03-31",0.182288764779065,0.540409552443642,0.550405300403875,0.201953105226486,0.150957251379061,0.514368402542593,0.880764549051676,0.77071891287958,0.719016519891423,0.543850767557982
"1998-04-30",0.194714979986553,0.527089944467138,0.535184748929054,0.192066439828084,0.164722089988068,0.499121622518669,0.895252013745062,0.802380941164265,0.704732053062379,0.552944475064353
"1998-05-29",0.173328782043901,0.51345494861998,0.574072779501561,0.124291288836471,0.162963217497717,0.500971818294881,0.86410844297898,0.807727125121552,0.728664692218509,0.589145075005295
"1998-06-30",0.158004989342651,0.526419453852399,0.617542047853085,0.153142249843965,0.195528125871755,0.490576986166881,0.822668709740563,0.75074431980478,0.741384032047017,0.649805011582841
"1998-07-31",0.156104580253089,0.551989882151585,0.636513854294015,0.17200195163303,0.19691648791691,0.485039690647403,0.790480682446006,0.708669365149446,0.762491876656173,0.678597665551439
"1998-08-31",0.132130337851283,0.534532959570355,0.540094335748662,0.183125939523863,0.201787620780252,0.442769556833219,0.794013794042249,0.724475894256006,0.780787150457059,0.659956157667298
"1998-09-30",0.198109348533998,0.525553949261645,0.372067970624494,0.187586960164558,0.206924285712009,0.570720924402006,0.75295313838527,0.70860595185129,0.791807209046686,0.638661927579163
"1998-10-30",0.150037418478791,0.535948021262941,0.292004649819854,0.170339650985108,0.14569710486283,0.452675810111068,0.768212325151351,0.737319399632913,0.819317893358297,0.676880054920575
"1998-11-30",0.149230793304078,0.512345137612157,0.301698868311834,0.162726204595035,0.207965805347833,0.38701639593367,0.767992038219962,0.747221449242114,0.838619458649813,0.767159236438227
"1998-12-31",0.0913496544648802,0.531869202708727,0.372193563306829,0.195842197033356,0.188191024465375,0.444663351820275,0.772404565841642,0.823366444175433,0.841887974418114,0.777236360880147
"1999-01-29",0.0958975148376856,0.591696117833802,0.324431854932246,0.241192846060461,0.299516612618048,0.418853938421791,0.669668304767656,0.776865067433021,0.828710024050387,0.768241533109426
"1999-02-26",0.139269251712084,0.618049206973349,0.315622100257255,0.256380343467265,0.28803640836487,0.408947410140998,0.653232462681279,0.782019078338272,0.863018503414468,0.727161470797875
"1999-03-31",0.137947886166031,0.616048000664245,0.277896571724236,0.265380020214699,0.28695504694129,0.37308997688213,0.634612368111105,0.752443494179379,0.859454877559663,0.730946479779135
"1999-04-30",0.152927273170506,0.615013196740941,0.272140573983207,0.301523790621263,0.360960354730149,0.358162550965733,0.631913197608117,0.774218767590563,0.861340687981819,0.757922618060576
"1999-05-31",0.109239279225957,0.608622556012583,0.300192494082103,0.296754415048187,0.394178934970749,0.346385618492716,0.61352427389482,0.79390271989599,0.870743749201645,0.741449870309305
"1999-06-30",0.104566858824554,0.597752605776936,0.318967605295059,0.269684536241526,0.396258883169268,0.39351275362636,0.647074344157973,0.7935478729026,0.867131740386948,0.734559429259433
"1999-07-30",0.0789587909740617,0.615730784697833,0.395242544119102,0.239602434749127,0.399268499794547,0.399996943636889,0.643346054089881,0.778509831164821,0.865847886475441,0.720623885994602
"1999-08-31",0.0752955520378472,0.781897224818746,0.42065735753336,0.234946799856891,0.362064958999354,0.402449642272766,0.611226597876226,0.765041727184871,0.903807854520758,0.769362577794866
"1999-09-30",0.0877766002664636,0.776480419627877,0.492617156106831,0.244553516490438,0.405640888323143,0.400424704648762,0.669159983359161,0.731749327564695,0.903816822012536,0.74737617458799
"1999-10-29",0.0985166698271921,0.788343948149024,0.468147343246148,0.27342428304594,0.398560412314661,0.446374422781989,0.723472682202299,0.731711533038285,0.914375551559988,0.764669542158099
"1999-11-30",0.0961103575105878,0.764603235535272,0.390405576081255,0.221527907763862,0.344381809525283,0.48703874263064,0.71087383678522,0.728771340094006,0.920525476468755,0.719701674130003
"1999-12-31",0.114199119687281,0.751995608552136,0.376510971270802,0.23391118768845,0.353477874956913,0.491056625365581,0.682548834337046,0.746691627642203,0.89986835283176,0.759018454600727
"2000-01-31",0.11551825270161,0.743623119186619,0.260022545563186,0.256086489434428,0.367472720174905,0.515401987172508,0.600033526617803,0.76855646519666,0.883069857526944,0.747664927746311
"2000-02-29",0.111261647811411,0.744337239949375,0.225767396872456,0.199085557791958,0.361234289514897,0.515359843174517,0.595711521805209,0.745905252279104,0.863054256051627,0.762377187239294
"2000-03-31",0.101693890084514,0.75692488745275,0.225623773615524,0.207269073624848,0.359901869356715,0.519634399713879,0.581582486486941,0.703095356673047,0.874414988939203,0.76368187513931
"2000-04-28",0.171465758810605,0.749362254280166,0.180242029002395,0.146177515558522,0.419617577617188,0.446807086194055,0.569446944100704,0.723093415800976,0.893789717116794,0.766104578555639
"2000-05-31",0.106439615781404,0.751298039919047,0.176784170867348,0.143461737580679,0.270354416202441,0.437097800533146,0.577754242430967,0.689111496953739,0.887080844925463,0.767872752358659
"2000-06-30",0.107275180866616,0.754446599165238,0.168929970401409,0.143149755992902,0.273826764928601,0.351429014073707,0.569916732693886,0.6572418836251,0.877266901746947,0.778725008961271
"2000-07-31",0.0988699422605709,0.757049571531711,0.197175476226775,0.166858661809627,0.274400525146886,0.327736763399712,0.576852181091438,0.626599712456085,0.876010138255565,0.759439501208445
"2000-08-31",0.122366002546248,0.746490742148029,0.265102297041226,0.159399308435674,0.266674221344362,0.322129859334157,0.594734167279159,0.619899691882345,0.879396658641232,0.81310462355948
"2000-09-29",0.15957773454947,0.750576037280118,0.328433621365442,0.154524977324926,0.308346558375478,0.299729534948907,0.606756551823164,0.626611414639997,0.885253098222504,0.815357177256502
"2000-10-31",0.0857207363262635,0.757825943611647,0.331950620940749,0.197330115676319,0.379023751084302,0.379503392934588,0.572428218163549,0.63095142722051,0.872346411079926,0.726346812425564
"2000-11-30",0.0926887280869813,0.764078721078107,0.351913429852919,0.122434500366586,0.360443237153579,0.260040467350598,0.613605744731889,0.610556771097562,0.85820582064259,0.785139591939448
"2000-12-29",0.111721187947808,0.768503094100152,0.340373393395029,0.114021624497302,0.433680068276883,0.251009502697948,0.68290479538424,0.456823571625297,0.850153294012743,0.760568252252738
"2001-01-31",0.182534213331193,0.792845283866917,0.375365428796154,0.224217961180827,0.478111244053533,0.280534309925681,0.854621638071919,0.416408902755518,0.865566230546907,0.746749353115069
"2001-02-28",0.204013074710252,0.802665639344573,0.33964136655026,0.251599965464866,0.476102422217339,0.262932060949029,0.800337713593104,0.386680769444265,0.842088555384734,0.74751374447724
"2001-03-30",0.0959374902114219,0.808727635104348,0.376340076170328,0.356919704525006,0.683773769668199,0.266002336956737,0.753899449319104,0.555120144045521,0.865724515304961,0.738551457574165
"2001-04-30",0.081747653552083,0.80240423907487,0.427401248245011,0.384894518763217,0.484470485284946,0.319774355818989,0.737117295314434,0.595022709803278,0.869586912711488,0.698536069844147
"2001-05-31",0.118068695448154,0.780977515596837,0.440695590019586,0.402003140127058,0.440414873132898,0.340904451823548,0.794703681645011,0.384448433106653,0.857580212426963,0.640552015891835
"2001-06-29",0.131178777261603,0.777089601385475,0.314072419803487,0.253473189627605,0.401206519444295,0.27850984887353,0.768080092806702,0.433457518450833,0.851221023972735,0.699509465304242
"2001-07-31",0.153799919554818,0.78962103989717,0.298505662297249,0.244672584420559,0.397871189098678,0.246060245912092,0.793116061973921,0.419638496519571,0.852844607373757,0.762743565160368
"2001-08-31",0.13320313310028,0.785087962532658,0.380614739671904,0.285559611734341,0.352984407686553,0.247465725664629,0.79251346123293,0.457392264690004,0.832510710823584,0.787542574395665
"2001-09-28",0.14807266924323,0.762454779139634,0.337132215469468,0.28184183933145,0.375161082349531,0.33639151608907,0.769175283559541,0.463690608112402,0.813843549465277,0.859917559836606
"2001-10-31",0.125791203515407,0.798053378625407,0.319292947761153,0.287549741544695,0.425175437439989,0.292561580169785,0.777690893909697,0.394193948520935,0.818740229430603,0.850999339432611
"2001-11-30",0.091702258606808,0.791856555509976,0.355547422005614,0.255370209361843,0.462995558180213,0.386539293279783,0.761135640717676,0.377912041162971,0.832959636343614,0.842155629930096
"2001-12-31",0.103814138592641,0.784521476070679,0.307741681821774,0.237262882015561,0.427265481573781,0.355363359849535,0.703887676362863,0.343918554173753,0.826157782444004,0.825307497241077
"2002-01-31",0.105600646791959,0.797660570797812,0.357306013426688,0.281365645985982,0.290181131017645,0.350616310936455,0.745526819013069,0.325020550355989,0.801701139344594,0.852870528823918
"2002-02-28",0.112520950769532,0.813022876567318,0.384533669718243,0.268430096910954,0.291982320125119,0.35920749651339,0.730640515966088,0.350364598566497,0.779940155154883,0.83368444903191
"2002-03-29",0.105870767171874,0.822279047593856,0.395017838230368,0.279614010065049,0.286281143013604,0.353691391556867,0.754980151827545,0.378563285403964,0.744013925702858,0.859084956857937
"2002-04-30",0.0913187775287339,0.818162993246316,0.439199578631567,0.296974699066968,0.314972475983254,0.370095423577689,0.751680228581227,0.545371406101971,0.752522030823368,0.861678507439932
"2002-05-31",0.104425918344049,0.823071597785949,0.373405794061519,0.372100956661925,0.30153257813671,0.359672637559577,0.736568697288809,0.586671302793349,0.770605011314208,0.85570371355022
"2002-06-28",0.100252495465799,0.825317824839647,0.349275537676837,0.390814747623319,0.306249467264502,0.450459551616909,0.83801199189068,0.541166139266764,0.7532134867266,0.805592965651462
"2002-07-31",0.129439591719636,0.808358888520826,0.254488790877226,0.446049648107099,0.581413777625988,0.56144492956434,0.856479991623227,0.43770346311807,0.759124441915673,0.855908677224326
"2002-08-30",0.131864237255316,0.833992233770785,0.233390575138571,0.727551265115199,0.715271851492446,0.799755647528742,0.91519330999829,0.772231943568051,0.724054436838846,0.889164650891313
"2002-09-30",0.211537181189622,0.790480124807035,0.228100220238575,0.28417857096519,0.507906804487523,0.754952883906639,0.91945681202624,0.689102705262626,0.754225390218972,0.77783140971053
"2002-10-31",0.202336774203574,0.773171217382774,0.273215191028443,0.379483934172136,0.603682190283911,0.810196834638466,0.897525149330781,0.632512542233422,0.707374278375561,0.862391927398853
"2002-11-29",0.188998290806482,0.783196542429764,0.405126303990366,0.445685458876374,0.481688732221477,0.823668182850376,0.887000662850194,0.633917642867832,0.711591244129925,0.82949542138917
"2002-12-31",0.205638612273596,0.75650568068251,0.453960068822844,0.445569259360153,0.487410168634632,0.848973380046345,0.879636294024937,0.517192149639779,0.710387075118758,0.729647802257282
"2003-01-31",0.210009316498182,0.756990492157676,0.394638381109414,0.371695672175825,0.407364532172081,0.84952132588476,0.885869494265382,0.567866072490818,0.709417038389746,0.677839300953389
"2003-02-28",0.180345683708066,0.771722365124619,0.37411248557313,0.325057701445923,0.379374716466727,0.81819603831428,0.888384035007796,0.604814677419192,0.692346996005912,0.685906819874108
"2003-03-31",0.197073757391175,0.779288617102815,0.364256527307863,0.289072117016452,0.395358030588575,0.858358894339443,0.847061446531411,0.517382848220663,0.688740026716824,0.601332907897729
"2003-04-30",0.189628432826917,0.781643513445153,0.426592847941222,0.300002667140592,0.464239129250714,0.85611726239422,0.878852206441445,0.642974035354157,0.693084165514074,0.616508314387375
"2003-05-30",0.187321011327913,0.806195885583059,0.486619108646023,0.312025903703755,0.478178425834879,0.862416464874016,0.880362528829911,0.594832219690801,0.687679280618541,0.535017608331531
"2003-06-30",0.159892670777766,0.790179942424365,0.401025284644515,0.307304273776399,0.472594197942821,0.866039244573227,0.869161542503304,0.596265317819952,0.678737765628981,0.659699191118086
"2003-07-31",0.13783962006525,0.801956059879493,0.31950586546527,0.293484568518882,0.500212469677805,0.856386750962855,0.863513732400524,0.596583408975081,0.684212405981143,0.731358078083652
"2003-08-29",0.20686312129683,0.788038993318332,0.230853048457966,0.290356221903368,0.478460411288581,0.853462918382511,0.850657126451019,0.59325027686884,0.590577768905357,0.785425294771754
"2003-09-30",0.210078899684601,0.787271380430152,0.26312774995304,0.296255825485057,0.496852614090422,0.914994563815684,0.857621003498344,0.633934624175288,0.619151583471564,0.784763656680707
"2003-10-31",0.184346108209722,0.755431230756294,0.31437291331026,0.282169942301627,0.396956605740588,0.924453430691686,0.855445615355676,0.684830729707433,0.653959660597255,0.746603885528859
"2003-11-28",0.17478927934603,0.73818385920799,0.271615473745287,0.261188241826546,0.365581615687348,0.917644625676449,0.850814284208353,0.682370061158627,0.633300737582498,0.715713930523119
"2003-12-31",0.173137438630889,0.776718511902281,0.253275669783067,0.254743419004212,0.349985156907367,0.910187194438899,0.831349018616401,0.772736045326243,0.657594134076484,0.695452439081198
"2004-01-30",0.18093291670315,0.785135437805439,0.255871127880587,0.217249499841896,0.322311243658507,0.906400130956632,0.820816972006365,0.794524838593673,0.674311746672474,0.649202379024793
"2004-02-27",0.195779112273025,0.771215859948403,0.252256323337481,0.199949500399104,0.336263727696448,0.906945631822978,0.828021754003818,0.799087232354073,0.67167448758522,0.637195917633255
"2004-03-31",0.219814863823206,0.771462065767348,0.29684795149548,0.195822095201834,0.309989918024664,0.910146215023551,0.834572784313669,0.800626575666236,0.693827756708067,0.635818176377374
"2004-04-30",0.249027284006761,0.765393297856338,0.299867765676922,0.244796069994399,0.317402520032562,0.910909657584496,0.837166924251891,0.80775723907055,0.707512510830595,0.635022552377545
"2004-05-31",0.313048736332493,0.774173159728405,0.31476762978517,0.26697068063055,0.326456788994737,0.905681868317431,0.864677024806275,0.733975097821895,0.726634452403479,0.635059010294814
"2004-06-30",0.339646324987483,0.775976555015521,0.372471572493395,0.250691048108651,0.321406049523194,0.896097251336519,0.866546679273996,0.690410328112679,0.750236652138103,0.638840966457688
"2004-07-30",0.280520121877499,0.754319249990579,0.332547515215227,0.254666520963927,0.276353717155019,0.876941449141238,0.839140265670931,0.714683447413893,0.697726126575503,0.681520217271288
"2004-08-31",0.312894362506562,0.742276320379493,0.340524220266703,0.267456919212189,0.274157584511003,0.849809287161812,0.814733916848447,0.680888210866873,0.703756181252998,0.691045988420564
"2004-09-30",0.329789825088044,0.722252711477381,0.388225342014237,0.247600651630031,0.274911240739098,0.859433209751355,0.813015953939897,0.688192103872014,0.694204053606861,0.655933753484314
"2004-10-29",0.331649485546163,0.709500069975593,0.398014716018421,0.24710725053029,0.260431240478467,0.857721736364976,0.815236069760058,0.675486805245628,0.717783438268467,0.653727947412613
"2004-11-30",0.342370267457372,0.690908925423935,0.450486927746947,0.253531445011842,0.259622501256087,0.804157444284647,0.803686423382669,0.652803924918519,0.720042568607547,0.662213410104238
"2004-12-31",0.342760048123129,0.659628620127798,0.608634960560597,0.267713425462408,0.270289612020667,0.799183260288347,0.838619907046175,0.682722335079525,0.745255772038053,0.636855446753578
"2005-01-31",0.369204512702513,0.615372161363582,0.632645234265803,0.23162952544203,0.282501242567574,0.806276737206021,0.831257495387113,0.7123827045573,0.74881871449098,0.640252972683394
"2005-02-28",0.363399304206436,0.564190059037627,0.685849985153634,0.200349108288426,0.310255293793432,0.748916507576724,0.739657973085836,0.69591235981977,0.795677718209129,0.619852716476502
"2005-03-31",0.335282373607579,0.541569794575343,0.685348176563307,0.296677583684595,0.323347725502258,0.769785801702993,0.625671484143024,0.790024855229064,0.796739422770499,0.458683488529041
"2005-04-29",0.311010796451796,0.523185864878962,0.732578819264574,0.229375377177856,0.317346594345153,0.784980118302377,0.541461655712953,0.457274765135724,0.804705236531904,0.525674450386916
"2005-05-31",0.347371329812811,0.547749984406637,0.700744434272551,0.212151894015977,0.319486244452849,0.799025896081555,0.508979417617048,0.438059033864285,0.832009777031868,0.53621067758897
"2005-06-30",0.314096976943745,0.564892405328347,0.620625728510362,0.189186474890674,0.322265932179648,0.844832863776354,0.643891771506182,0.4878076224894,0.858861570596799,0.597155869110638
"2005-07-29",0.289208645765777,0.574191794045288,0.571530823595481,0.188770826669931,0.340247186364222,0.863158142325819,0.614440898507652,0.496859735604758,0.83924134852647,0.620033439053407
"2005-08-31",0.333469090240431,0.582031038480696,0.54984718757401,0.170951424371312,0.338712356369993,0.848976909626823,0.627978638902517,0.46926843543128,0.852949536143204,0.574993348863863
"2005-09-30",0.322602803449028,0.631419216155726,0.5424130058181,0.184814750939651,0.315324433372082,0.771628269823353,0.645211687569025,0.455252501177783,0.862453336796405,0.53234984187716
"2005-10-31",0.31482005675466,0.634703398433757,0.557291911597464,0.184493989536198,0.347448053899908,0.659758935158373,0.666808098971075,0.416208940071235,0.866603076574173,0.482859441429148
"2005-11-30",0.363937371402917,0.616712383621541,0.5639950276218,0.226364492044854,0.349167885271972,0.64524271899327,0.735331637460454,0.448289371059438,0.87036948108907,0.511134445581513
"2005-12-30",0.360900935032177,0.629955224008116,0.539069314146541,0.257306438380288,0.286313371027897,0.781748024629955,0.726823007817917,0.431463679735048,0.881738434234354,0.540569371586251
"2006-01-31",0.418290372865082,0.635491762899294,0.621345949255835,0.170507360532408,0.145965944117199,0.849669358434731,0.61745939569691,0.395624224441422,0.89347725025864,0.544997339662404
"2006-02-28",0.385952807938683,0.629288513209323,0.589829456266973,0.212497309799692,0.200761057115306,0.735844261415432,0.614357754886669,0.38143755126779,0.888582446728939,0.551556728681998
"2006-03-31",0.528532110516216,0.623000775623031,0.656999425656093,0.272766079668761,0.212113502242518,0.845302400701907,0.638382511410085,0.399893225522182,0.9143383866271,0.476848820051298
"2006-04-28",0.32848533493437,0.57726943186898,0.556790411773717,0.221031462370371,0.179271361309285,0.570531003425166,0.602916815396556,0.341646367869667,0.905619419404847,0.420760025378269
"2006-05-31",0.29031270598147,0.551485057065062,0.559397481232004,0.227708471224827,0.177506479681668,0.672156423472285,0.62495602582767,0.304048283723525,0.904821681329844,0.493437071005264
"2006-06-30",0.304571640225226,0.56746105077112,0.578602406976392,0.237257727699299,0.184400451681218,0.710600343470751,0.674904951251601,0.328839471343652,0.90954955911982,0.553981796736072
"2006-07-31",0.299889779361653,0.585559912518685,0.575162451295597,0.173993907372468,0.175918079971466,0.686167051214604,0.694387116355624,0.364494409336869,0.909864966357428,0.482399290487435
"2006-08-31",0.284208727578803,0.585142765301524,0.565818538950285,0.224888037670832,0.218282435384482,0.694255563248355,0.702276350597681,0.370002099899505,0.907492060190499,0.401625530409483
"2006-09-29",0.293935086416243,0.591114932312532,0.554120707734056,0.319100539901246,0.23757883407868,0.711153048150708,0.710701117349161,0.345385976462395,0.911293204244533,0.526160058408099
"2006-10-31",0.235091529483526,0.570743801299132,0.603012678759515,0.341374706073716,0.201457976914537,0.620763136287766,0.829970462492833,0.347574387739963,0.898674336559208,0.428301579091598
"2006-11-30",0.241578719220858,0.517579717493992,0.600369340847367,0.387885344280213,0.223633771642051,0.61428352131785,0.854433278347253,0.344278548635299,0.894552412612528,0.480523438296343
"2006-12-29",0.243722196440207,0.522622680335323,0.564770196678856,0.401866978860032,0.238058279541384,0.595329621202618,0.872919524258448,0.451130513323387,0.893967773478403,0.389542952447199
"2007-01-31",0.231296677104381,0.501432642543978,0.565198584143599,0.445233715018215,0.191921336564425,0.637854721213813,0.917892141404386,0.447830172945073,0.888450918933741,0.563167521563455
"2007-02-28",0.192344887496591,0.434717392219364,0.595969397493039,0.334974733789949,0.187177703793314,0.665387051310155,0.887055877681125,0.394878189431295,0.887644608409158,0.302733144139518
"2007-03-30",0.173977221415345,0.408429951333401,0.547414340579971,0.298772812838835,0.182756262075076,0.625715149995992,0.877046678920668,0.403720572174604,0.883245670524492,0.30952576615185
"2007-04-30",0.154732403559972,0.409237517432015,0.543049178798033,0.330982962757938,0.195833344122995,0.836942112844271,0.939594286051046,0.472534858484025,0.892454542602744,0.284964187381167
"2007-05-31",0.170147479243616,0.408884012377183,0.620942739084383,0.360423128779528,0.189360541069812,0.670475236665449,0.92734554307274,0.445457880399046,0.898444348305445,0.31640206957349
"2007-06-29",0.16143710071249,0.390131323555788,0.623913290200476,0.346282541783772,0.188413652664988,0.658348471547839,0.937273313166555,0.444947147087569,0.898353509284239,0.401045442041203
"2007-07-31",0.124242241518065,0.349284260733486,0.567218401201782,0.341561232740075,0.179409245733324,0.581606823809587,0.910294785931536,0.464865954469281,0.889549624977923,0.367192011248786
"2007-08-31",0.128062558754054,0.346443182384328,0.519198103138084,0.341152723313983,0.161440945874803,0.586231038498117,0.881287974558141,0.441683083757779,0.888694357403323,0.419718447887137
"2007-09-28",0.124550496679292,0.309828848025564,0.498200948259497,0.363390923149336,0.155523557581904,0.561802506319317,0.868231663443492,0.471946103221574,0.838903589989242,0.568824373685145
"2007-10-31",0.135601973957864,0.289286117946153,0.530649502725949,0.314820456323821,0.164896868504121,0.553961531000241,0.850155377794372,0.45799798646696,0.849362488944361,0.608062379415747
"2007-11-30",0.130703331708584,0.279848784979201,0.582630992220155,0.306761017462201,0.159480529214241,0.465764487015666,0.845230691698146,0.492347707225338,0.830244794932773,0.580185744504714
"2007-12-31",0.114132235932343,0.238443417243593,0.563358337261311,0.317460938470646,0.157777133204894,0.45923444086464,0.855885674706407,0.51429574961787,0.846683923594047,0.587256799230811
"2008-01-31",0.131188225961376,0.228756186462702,0.585152872592409,0.313989264078739,0.164690742891813,0.513078450804192,0.857282629234732,0.541645327788352,0.831055155939855,0.572584418701179
"2008-02-29",0.186295274228641,0.195520491962909,0.584812570076043,0.299960573675008,0.160935177066828,0.510811546865128,0.849492600551097,0.580201647727592,0.801779852363452,0.578680495254104
"2008-03-31",0.196336780378232,0.189678427464283,0.551879223657349,0.332841828706402,0.160430231840812,0.57473936754321,0.766688944787845,0.634179339875577,0.81449814719995,0.517409213446129
"2008-04-30",0.201375706438562,0.132411319080992,0.496619303278269,0.308100930580257,0.142994008307211,0.665890030954283,0.673410541958424,0.575621280066851,0.794533244848712,0.356342974859711
"2008-05-30",0.237135304754634,0.130494111999409,0.410815378684391,0.328133234890827,0.153078632677456,0.642522264764916,0.631229110815469,0.503825890311654,0.768222323740249,0.313652409756965
"2008-06-30",0.179295906933893,0.127343761303417,0.344423619095802,0.260021235443615,0.182999669792915,0.682952231388654,0.634303337284838,0.520558550553419,0.764367405074538,0.336238850642071
"2008-07-31",0.119973971989752,0.179001851918474,0.307488037565104,0.313480768473393,0.168059414155406,0.674339426219418,0.505539184036941,0.442958945171537,0.831473450875911,0.337324373976655
"2008-08-29",0.132149666782809,0.178243963184594,0.317164811414401,0.309914827521877,0.159578017351278,0.741069583427369,0.595671856889591,0.329189004411224,0.825538122749707,0.392347923509185
"2008-09-30",0.11863213123489,0.180830280841757,0.327153424960303,0.319578554719198,0.155284926894376,0.789383816738678,0.627682274255714,0.342978867033532,0.828513185380399,0.427526481286734
"2008-10-31",0.102423338408201,0.178305104459885,0.340724849709685,0.306062093411169,0.175916037212438,0.829560245539297,0.653755561988821,0.32942604309699,0.823629223388118,0.365913746261609
"2008-11-28",0.22986648611919,0.325142916279748,0.578092614429573,0.572846908334302,0.240119614854776,0.936386408597174,0.753613732804285,0.569355529315363,0.826055536842379,0.495621422291405
"2008-12-31",0.214796671220429,0.14948535753929,0.686213643253569,0.270005014584706,0.144645578805233,0.921413908251896,0.732125949498986,0.692410879217904,0.823046046617269,0.529818661056135
"2009-01-30",0.22955432999402,0.247507665885951,0.762864054451571,0.243913120505785,0.153346911275922,0.897342400528414,0.66725052737273,0.712037360282564,0.783550290568706,0.541990221597898
"2009-02-27",0.511798373680188,0.257727969925299,0.857941868621437,0.401877421075044,0.147858848193625,0.935679697548142,0.787807190629826,0.775799464560096,0.892139365283048,0.621877858639262
"2009-03-31",0.383429634811539,0.182277559387261,0.636488329883687,0.277620357600368,0.143946171142841,0.939575893978522,0.812749185150228,0.650815801017462,0.840981902223142,0.532309904642806
"2009-04-30",0.174825808042383,0.187006011452402,0.665972412684739,0.248801740197135,0.123256012637978,0.870296250320393,0.821189802904758,0.66136411793171,0.840649699890549,0.537393658457669
"2009-05-29",0.227920676805524,0.185432165071762,0.638887046006669,0.272064823481859,0.21575436005405,0.877594919074686,0.794440947013974,0.837917016485492,0.846603243263307,0.537707796120601
"2009-06-30",0.431130075818173,0.217691847709831,0.723376712480218,0.332393211155024,0.23478043715775,0.891096125530346,0.79835935657673,0.874014912818528,0.861829133036094,0.51328169877277
"2009-07-31",0.473887157138905,0.419418755626363,0.821658350242718,0.307437270295681,0.301230235892284,0.845159105373803,0.744435513042351,0.84408883078709,0.865450003081083,0.501216796784361
"2009-08-31",0.54494977505613,0.389756432929852,0.98364492973104,0.346246996952003,0.483961070297787,0.903743626024568,0.962771679032919,0.973857500443431,0.900125975259862,0.816387321881379
"2009-09-30",0.996207740013435,0.320580620019056,0.980289406208745,0.998552020770612,0.988641868224352,0.803177333461801,0.984815810573462,0.996485690273738,0.958244250823346,0.972438844401846
"2009-10-30",0.657235679073217,0.639053564424668,0.757595460541868,0.382683925041786,0.452049769152193,0.849141676818946,0.9467407179236,0.933564319335466,0.926328215431588,0.477869254342754
"2009-11-30",0.658198792267448,0.6002904769773,0.681763209597163,0.619221581452695,0.271139113367978,0.803722671548519,0.913360866594502,0.903310243332275,0.911104926572356,0.46222545399424
"2009-12-31",0.699697732728644,0.662026509754788,0.644461537983996,0.613893457302648,0.284451611664608,0.64626495517737,0.936186954720964,0.935173584617276,0.92175647128913,0.507703913156869
"2010-01-29",0.636859934808785,0.472131768656071,0.737855403151084,0.452982200381021,0.607392219021732,0.802943440604029,0.878739744287767,0.849414596030584,0.896442123597241,0.685912226795826
"2010-02-26",0.726392485963894,0.354711477508767,0.729371077882956,0.537444230062138,0.477253673411526,0.824810584685865,0.890471525819087,0.87321904501887,0.908558264768114,0.725140481528227
"2010-03-31",0.545673067962468,0.339065538438193,0.757797088662847,0.437006559734698,0.315831504351275,0.860762367250336,0.898044476087701,0.890387824583659,0.899612080474917,0.55384664614845
"2010-04-30",0.635704444280906,0.31622021934856,0.746466161011913,0.421389323267462,0.29801262306893,0.854230832627251,0.837478741520106,0.862470232123806,0.886476703184003,0.585957336777705
"2010-05-31",0.622469575119024,0.316863196516262,0.751674854656603,0.421941727088261,0.314212460176671,0.793504339671259,0.785765374523433,0.850341788514747,0.889337834169843,0.571515700702931
"2010-06-30",0.558301352680758,0.368434177711134,0.757251752287702,0.441146022330099,0.335973365086674,0.842311392027358,0.74816330023683,0.814983169812013,0.866230833978062,0.583498919460984
"2010-07-30",0.527601069188287,0.280455705710054,0.743915145520762,0.428502340805373,0.325239457871066,0.884340810278184,0.74206771510269,0.84512253421154,0.841334587424286,0.520013106146137
"2010-08-31",0.557311995690272,0.244229810320134,0.734498973610726,0.447192060772468,0.332736588265487,0.892594720361191,0.702296712124873,0.849432369387991,0.845292152259141,0.518341544386428
"2010-09-30",0.422393737093067,0.247370295692148,0.736244211191067,0.504017965035619,0.315304970439839,0.863359401466195,0.645339705057919,0.847043452924646,0.862525418309407,0.50722078713084
"2010-10-29",0.362022673395126,0.280268081441846,0.720488368343222,0.498034844171533,0.318769321856699,0.845594253109691,0.618486324902271,0.846037218717412,0.868018744825977,0.560209780484701
"2010-11-30",0.343053867425726,0.232310517469434,0.725434543256706,0.498247972503469,0.275983630037859,0.837423516526841,0.564125547612651,0.841441786969025,0.853452282786615,0.610610818384056
"2010-12-31",0.337851534433358,0.233148517499861,0.733247974326365,0.474371975819355,0.286685808521524,0.840561016833276,0.560768253691404,0.838321250478327,0.852800981010501,0.570253194909327
"2011-01-31",0.332236651311169,0.217758570201051,0.750909869093015,0.506919290421522,0.279180964743748,0.833758317035839,0.55437726052578,0.829753290891659,0.839493162658054,0.603432209248339
"2011-02-28",0.341276593282952,0.222948169868215,0.745058061086183,0.529005662069765,0.268987618288737,0.849423900942542,0.539143781277764,0.838373169803731,0.84161798919229,0.566142729493482
"2011-03-31",0.331955168608809,0.235889497534199,0.738695903741901,0.524873440566877,0.273566212593051,0.861197842762837,0.524644184370257,0.848731761987703,0.844328363567305,0.630944879498295
"2011-04-29",0.338561921748194,0.238431503069211,0.745913203454516,0.503394780405759,0.278061752270933,0.868970975434032,0.525818392837154,0.862102847475686,0.843795984924544,0.620814667401394
"2011-05-31",0.319670025109405,0.289176394351356,0.748160376690884,0.515461060133604,0.288693661025784,0.874001331498938,0.516553712380119,0.842938261766162,0.835416251553824,0.631322771309723
"2011-06-30",0.330021754541055,0.220077366561627,0.758688062710439,0.527766427448246,0.292428835359014,0.874717232699747,0.506928687805321,0.847161464710558,0.84224119153638,0.659965828707875
"2011-07-29",0.309690511832361,0.197266853008416,0.75611356351237,0.555367414392164,0.309303631872318,0.873410733835197,0.524556507591954,0.824365968352694,0.84299970938633,0.64162497050813
"2011-08-31",0.300184289692119,0.244235760437197,0.767561792277288,0.569549220882264,0.307641521353797,0.87212199833579,0.591043860144071,0.746405160693357,0.83296567736165,0.626009596037428
"2011-09-30",0.28509799582804,0.186275553760781,0.743776169564402,0.5943067204224,0.300940275400942,0.837130313547579,0.601065497522964,0.740245127035187,0.824470613457238,0.607074018767216
"2011-10-31",0.28389735560269,0.194991389525715,0.738829303488026,0.61098462139068,0.296167977999377,0.780096951628302,0.585125069786778,0.715591331519367,0.823036892867093,0.622757777426134
"2011-11-30",0.272773559543129,0.186877900132099,0.696680409439499,0.588298974110353,0.315483991356497,0.811908627728187,0.530204631102395,0.751885942160527,0.819383658505582,0.650897526809787
"2011-12-30",0.276811638323845,0.194361444181668,0.66377125496927,0.584089329650527,0.290290480479007,0.705320496419203,0.553203191021314,0.752453974382975,0.816917440763667,0.677184719346572
"2012-01-31",0.272515268676885,0.186438341037261,0.629875298582642,0.592573639611106,0.284829373974976,0.70224121427375,0.560088205997144,0.752882973919201,0.813593930008949,0.646214352149321
"2012-02-29",0.272432032768021,0.197016767512272,0.629153213689529,0.589205868427683,0.261368554833851,0.673098979637518,0.611997009566193,0.75198487212852,0.814764367048866,0.632788254187788
"2012-03-30",0.267598911878607,0.183555926104314,0.5800430529102,0.603429980650945,0.260622246908027,0.648201164505666,0.65448689036075,0.742759139759168,0.813215132103084,0.626007149637446
"2012-04-30",0.257673618532243,0.178524306186565,0.542615529233733,0.611511712945203,0.259818806757136,0.663249612095604,0.693326287793453,0.728308638456467,0.80900685564326,0.609215123426233
"2012-05-31",0.243977719432529,0.179486783688479,0.53276149151467,0.616594252543601,0.256866144704701,0.64169477414563,0.699283575580104,0.702511756085678,0.803816233995763,0.616487065696005
"2012-06-29",0.236685323597105,0.188879675391285,0.516908280011792,0.627958108090157,0.261629311803086,0.652656821373314,0.687118277542109,0.708351689993841,0.807664865122567,0.616314172857688
"2012-07-31",0.242045149719513,0.208793411776435,0.503118677879312,0.628425599386749,0.254565445709223,0.634896162455263,0.728182312969631,0.692027195234132,0.813290973292569,0.592111041815356
"2012-08-31",0.240464472353792,0.250271495225041,0.494640583634597,0.674295784882425,0.261719164829814,0.624479866532001,0.736892231914658,0.652914501270295,0.818515337466042,0.58571442161662
"2012-09-28",0.237483966584111,0.293812783885101,0.532835026761523,0.705510592531877,0.256818951348358,0.620879230381544,0.762732553388428,0.671689450751698,0.815826081921277,0.575224556759562
"2012-10-31",0.223255374238108,0.168344313943674,0.484670463716298,0.691013851448798,0.288140557548253,0.642721071971324,0.821624080029865,0.663501005794368,0.82221431078817,0.544207076762132
"2012-11-30",0.229846348542831,0.177177331082618,0.520768563955001,0.647239860159846,0.197468483908432,0.698142150063228,0.827077335111291,0.670102210422269,0.823316499166748,0.561556275384413
"2012-12-31",0.238216787221522,0.236842152651371,0.532465296337405,0.613771571999526,0.209509442057019,0.692216031505066,0.806150226460485,0.710021694089926,0.829867634295972,0.536092239521938
"2013-01-31",0.220888953796798,0.235143111909838,0.510316996735626,0.630364927002302,0.223321582573603,0.685964753723844,0.840798602532825,0.76275579582221,0.834754818602487,0.526097359157408
"2013-02-28",0.222322010209117,0.397944700206333,0.373018259649509,0.605757204967876,0.23353971588273,0.616695379697856,0.862205369295083,0.752787708666936,0.837864943054106,0.549167346834875
"2013-03-29",0.22350803777418,0.473769546125542,0.457703539701492,0.598448792822313,0.260696318352452,0.598682802020569,0.868296639968263,0.786002751389729,0.848255539070491,0.527849550312227
"2013-04-30",0.227231666336428,0.432581409840095,0.467151253250977,0.563745056988902,0.25238776374309,0.565313304107433,0.848658292564289,0.874401804298429,0.837975968584053,0.51085419059754
"2013-05-31",0.186198614769193,0.344968440601253,0.443650649750302,0.528851669693157,0.512357659501157,0.529894424888652,0.705074361149259,0.927446913340184,0.833425982039956,0.516674683834411
"2013-06-28",0.206633286004881,0.313856100947718,0.415605784456752,0.435791094064077,0.447018913938045,0.453828974557139,0.589801689524107,0.896788050447174,0.837772080590611,0.566531109947007
"2013-07-31",0.195458704449874,0.309596996151127,0.428472618599237,0.466364666842097,0.381772939442803,0.441293743270983,0.581822634278896,0.899190649623452,0.833718851468443,0.568035920529171
"2013-08-30",0.174388976307558,0.197699263358345,0.307575066610145,0.50020135775475,0.40714007342985,0.371498596941707,0.638161565293663,0.883780649276469,0.829437094745902,0.564483776913613
"2013-09-30",0.23399195333856,0.220161724842156,0.343237849827301,0.446934017686521,0.419223105740121,0.331830074485236,0.583247767227767,0.893689949747457,0.82662707915147,0.617417110019297
"2013-10-31",0.233611616844546,0.228826496612823,0.314839361860028,0.455160826631061,0.43068692484088,0.360638597462728,0.54375225645404,0.902316877387194,0.841480089747938,0.627072969387886
"2013-11-29",0.246608926740326,0.267560659220247,0.331314514833377,0.361544949032175,0.425354759277866,0.465085563277297,0.516835852440002,0.949183321778654,0.816158370524764,0.633989415237376
"2013-12-31",0.260409388958408,0.280314753411052,0.296000191437142,0.362258249917788,0.420686399896667,0.475908655582237,0.519344759289859,0.936565057374554,0.826811128318606,0.592698894916888
"2014-01-31",0.382918374418637,0.4739895699712,0.347981316748403,0.568821598246038,0.142951983252529,0.453376792865559,0.532619563093463,0.946698914953538,0.858484138315192,0.614551120122675
"2014-02-28",0.187080389225428,0.263710744359346,0.354746198873034,0.232797362045165,0.166337516239982,0.362408070554881,0.438012232374338,0.931447294013739,0.801556332975326,0.639345687360881
"2014-03-31",0.127239301419642,0.271282940485607,0.344243249077952,0.310849304201746,0.173025193983426,0.258096458854259,0.424115357095983,0.907483996531821,0.820113951000491,0.679067196132391
"2014-04-30",0.0993421611549979,0.314858517482937,0.333516467753439,0.33568155471642,0.193245051530398,0.289412564704493,0.513666794468026,0.906326610620713,0.79694710021691,0.649829966836501
"2014-05-30",0.108971320928029,0.300241738726631,0.358689904321001,0.405272603403744,0.171001825595366,0.215612392937666,0.475480282840704,0.85359323112799,0.794435054395479,0.617768150272394
"2014-06-30",0.129860011837081,0.294660183084685,0.404031490428346,0.432491863922961,0.14085072194779,0.251332716187116,0.487380687441623,0.7892963703815,0.801395963974054,0.612513507233975
"2014-07-31",0.111260369374125,0.293378334610238,0.568113619913077,0.518453026751603,0.152516332366397,0.293681856897962,0.601505472872591,0.735583283602672,0.80011589287701,0.648712005312329
"2014-08-29",0.105242757103956,0.250499977025892,0.754355514484909,0.522105169265538,0.142935287711253,0.314263958484317,0.608120420347709,0.691927683518797,0.882687743174514,0.656212077645347
"2014-09-30",0.0971300093164949,0.229994454041934,0.772460133473449,0.511003727041944,0.125678154404567,0.361948383843917,0.674506223041347,0.651578037944986,0.873599037808086,0.638271231218013
"2014-10-31",0.0791214777181845,0.228763165782103,0.696858657129478,0.475036843681444,0.116380565052909,0.317382890675121,0.504453315086516,0.67164345130993,0.870128551871475,0.58671848485743
"2014-11-28",0.078354434498691,0.222001709038761,0.58679796657999,0.445533454209421,0.115604519111517,0.27834269098392,0.486886764506521,0.671296226999839,0.892126953350086,0.628804393457045
"2014-12-31",0.118208486948606,0.221174108479198,0.316009021297244,0.472531767160086,0.122683808636203,0.324110946973682,0.544652018385753,0.728582563822534,0.906452494823395,0.573521448494137
"2015-01-31",0.112801859536914,0.298205120543156,0.247061887521274,0.483011259915695,0.131506580106563,0.309037805628047,0.611399214022473,0.73774807679907,0.912507151121193,0.558201332911873
"2015-02-28",0.140238843386636,0.352180245832105,0.283235991273795,0.447230233766287,0.131250627504103,0.377400264005791,0.397467316072131,0.730436170930053,0.904788107192364,0.654138287189478
"2015-03-31",0.128404804789952,0.307529671484935,0.341900100692395,0.460872853861126,0.144525462907995,0.360167350354189,0.356725368173643,0.729635189450822,0.913247763628425,0.66676922695877
"2015-04-30",0.160922187211182,0.290128429629282,0.47686495016645,0.420751252122452,0.146504793526158,0.247823495304789,0.399524150416317,0.720800449812667,0.924541006872556,0.66919228263267
"2015-05-31",0.119196244015313,0.24628909426823,0.606832362456532,0.399739847192226,0.144869896933764,0.206786907252609,0.339448584637047,0.710208230257748,0.929698709922644,0.707650620904871
"2015-06-30",0.119261746993671,0.268029915388592,0.571997188151448,0.39968760088131,0.146158494460896,0.28967555528195,0.278262637317534,0.709089009230619,0.904598970568908,0.700928293897378
"2015-07-31",0.107732207910528,0.263622600445907,0.546803279671299,0.396489565804084,0.149121411967913,0.346169851637212,0.404433360026915,0.701801745542826,0.910554537403828,0.668095388477546
"2015-08-31",0.133282536919749,0.265483399664458,0.529039023755807,0.391415262073763,0.148476693662483,0.314757426201716,0.461521227626478,0.698714593300356,0.905567991319922,0.683446597278926
"2015-09-30",0.135064618656951,0.254930578003946,0.499402448926207,0.392294068694399,0.146696417026665,0.28241533100967,0.547227731753395,0.704372749955699,0.903592481392738,0.670526368361935
"2015-10-31",0.110204092547582,0.280937485314992,0.450316770596877,0.390256914123009,0.149870913383601,0.301003008059403,0.523428091497907,0.713666276195512,0.902766405174149,0.672245834163905
"2015-11-30",0.148456272628006,0.299568167221455,0.394799478275532,0.345614973947773,0.145032509122284,0.269662385580393,0.523452113922048,0.71945668638613,0.906099061234406,0.706984917614344
"2015-12-31",0.151723250969561,0.315867252020261,0.28545943237189,0.274256642894608,0.131985322778688,0.20697180250024,0.490367069358485,0.674784016928553,0.899329051961219,0.598171798644905
